{
  "dataset": "WineQT",
  "rows": 1143,
  "columns": 13,
  "feature_count": 11,
  "test_accuracy": 0.681223,
  "classification_report": {
    "quality_low": {
      "precision": 0.77,
      "recall": 0.7333333333333333,
      "f1-score": 0.751219512195122,
      "support": 105.0
    },
    "quality_medium": {
      "precision": 0.6082474226804123,
      "recall": 0.6413043478260869,
      "f1-score": 0.6243386243386243,
      "support": 92.0
    },
    "quality_high": {
      "precision": 0.625,
      "recall": 0.625,
      "f1-score": 0.625,
      "support": 32.0
    },
    "accuracy": 0.6812227074235808,
    "macro avg": {
      "precision": 0.6677491408934708,
      "recall": 0.6665458937198068,
      "f1-score": 0.6668527121779154,
      "support": 229.0
    },
    "weighted avg": {
      "precision": 0.6847544230855805,
      "recall": 0.6812227074235808,
      "f1-score": 0.6826078699547653,
      "support": 229.0
    }
  }
}